Name,Email,Type,City,Country,Region,Discipline,Start Date,End Date,website,Instagram,Organaiser,Art Festival Partnership Process,Partnership Agreement,Art Festival Partnership Process copy
1-54 Marrakesh,,Art Fair,Marrakech,Morocco,Africa,,2/5/2026,2/8/2026,https://www.1-54.com/marrakech,@154artfair,,,,
1-54 New York,,Art Fair,New York,USA,Americas,,5/13/2026,5/17/2026,https://www.1-54.com/new-york,@154artfair,,,,
3DaysofDesign Copenhagen,,Art Weekend,Copenhagen,Denmark,Europe,,6/10/2026,6/12/2026,https://3daysofdesign.dk,@3daysofdesign,,,,
Adelaide Biennial of Australian Art,agsainformation@artgallery.sa.gov.au,Biennale,Adelaide,Australia,Oceania,Contemporary Art,2/27/2026,6/6/2026,https://www.agsa.sa.gov.au/whats-on/adelaide-biennial/,https://www.instagram.com/agsa.adelaide/,@agsa.adelaide,,,
Adelaide Festival,,Annual Festival,"Adelaide, SA",Australia,Oceania,Interdisciplinary,2/27/2026,3/15/2026,https://www.adelaidefestival.com.au,https://www.instagram.com/adelaidefestival,,,,
Adelaide Fringe,,Annual Festival,"Adelaide, SA",Australia,Oceania,,2/20/2026,3/22/2026,https://adelaidefringe.com.au,https://www.instagram.com/adlfringe/,,,,
Affordable Art Fair Brisbane,,Art Fair,"Brisbane, QLD",Australia,Oceania,,5/7/2026,5/10/2026,https://affordableartfair.com/fairs/brisbane/,https://www.instagram.com/affordableartfairau/?hl=en,,,,
Affordable Art Fair Melbourne,,Art Fair,"Melbourne, VIC",Australia,Oceania,,8/28/2025,8/31/2025,https://affordableartfair.com/fairs/melbourne/,https://www.instagram.com/affordableartfairau/?hl=en,,,,
Affordable Art Fair Sydney,,Art Fair,"Sydney, NSW",Australia,Oceania,,11/6/2025,11/9/2025,https://affordableartfair.com/fairs/sydney/,https://www.instagram.com/affordableartfairau/?hl=en,,,,
Africa Basel,,Art Fair,Basel,Switzerland,Europe,,6/18/2026,6/22/2026,https://africabasel.com,@africabasel,,,,
Aichi Triennale,triennale@pref.aichi.lg.jp,Triennale,Aichi,Japan,Asia,Contemporary Art,9/13/2025,11/30/2025,https://aichitriennale.jp/en/,https://www.instagram.com/aichi_triennale/,,,,
Alexandria Biennale for Mediterranean Countries,,Biennale,Alexandria,Egypt,Africa,Contemporary Art,9/18/2026,11/30/2026,http://www.fineart.gov.eg/DefaultE.aspx?PageK=2&Act_ID=2&Page_ID=0,https://www.instagram.com/biennaledalexandrie/,,,,
Andorra Land Art,info@andorralandart.com,Biennale,Andorra,Andorra,Europe,"Sculpture,Public Art",9/19/2025,11/14/2025,http://andorralandart.com,http://instagram.com/landartandorra/,,,,
ANOZERO - Coimbra Biennial of Contemporary Art,info@anozero-bienaldecoimbra.pt,Biennale,Coimbra,Portugal,Europe,Contemporary Art,4/11/2026,6/5/2026,https://geral.anozero-bienaldecoimbra.pt,https://www.instagram.com/anozerocoimbra/,,,,
Antwerp Art Weekend,,Art Weekend,Antwerp,Belgium,Europe,,5/14/2026,5/17/2026,https://antwerpartweekend.be,https://www.instagram.com/antwerpart/,,,,
Aotearoa Art Fair,,Art Fair,"Auckland, NZ",New Zealand,Oceania,,4/30/2026,5/3/2026,https://artfair.co.nz,https://www.instagram.com/aotearoaartfair/,,,,
Aotearoa New Zealand Festival of Arts,,Annual Festival,"Wellington, NZ",New Zealand,Oceania,,2/24/2026,3/15/2026,https://www.festival.nz,https://www.instagram.com/aotearoanzfest/,,,,
ARCOmadrid,,Art Fair,Madrid,Spain,Europe,,3/4/2026,3/8/2026,https://www.ifema.es/arco,https://www.instagram.com/feriaarco/,,,,
Armory Show,,Art Fair,New York,USA,Americas,,9/24/2026,9/27/2026,https://www.thearmoryshow.com,https://www.instagram.com/thearmoryshow/,,,,
Art Basel,,Art Fair,Basel,Switzerland,Europe,,6/18/2026,6/21/2026,https://www.artbasel.com,https://www.instagram.com/artbasel/,,,,
Art Basel Hong Kong,,Art Fair,Hong Kong,Hong Kong,Asia,,3/27/2026,3/29/2026,https://www.artbasel.com/hong-kong,https://www.instagram.com/artbasel/,,,,
Art Basel Qatar,,Art Fair,Doha,Qatar,Middle East,,2/5/2026,2/7/2026,https://www.artbasel.com/qatar,https://www.instagram.com/artbasel/,,,,
Art Brussels,,Art Fair,Brussels,Belgium,Europe,,4/23/2026,4/26/2026,https://www.artbrussels.com,https://www.instagram.com/artbrussels/,,,,
Art Busan,,Art Fair,Busan,South Korea,Asia,,5/21/2026,5/25/2026,https://www.artbusan.org,https://www.instagram.com/artbusan/,,,,
Art Dubai,,Art Fair,Dubai,UAE,Middle East,,4/17/2026,4/29/2026,https://www.artdubai.ae,https://www.instagram.com/artdubai/,,,,
Art Dusseldorf,,Art Fair,Düsseldorf,Germany,Europe,,4/17/2026,4/19/2026,https://art-dus.de,https://www.instagram.com/artduesseldorf/,,,,
Art Encounters Biennial (Timișoara),contact@artencounters.ro,Biennale,Timișoara,Romania,Europe,Contemporary Art,5/30/2025,7/13/2025,https://artencounters.ro,https://www.instagram.com/art.encounters/,@artencounters,,,
Art Fair Philippines,,Art Fair,Makati,Philippines,Asia,,2/6/2026,2/8/2026,https://artfairphilippines.com,https://www.instagram.com/artfairph/,,,,
Art Fair Tokyo,,Art Fair,Tokyo,Japan,Asia,,3/13/2026,3/15/2026,https://artfairtokyo.com,https://www.instagram.com/artfairtokyo/,,,,
Art Genève,,Art Fair,Geneva,Switzerland,Europe,,1/29/2026,2/1/2026,https://www.artgeneve.ch,https://www.instagram.com/artgeneve/,,,,
Art in the Park,,Annual Festival,"Auckland, NZ",New Zealand,Oceania,Sculpture,9/18/2025,9/21/2025,https://www.artinthepark.co.nz,https://www.instagram.com/artintheparknz,,,,
Art KARLSRUHE,,Art Fair,Karlsruhe,Germany,Europe,,2/5/2026,2/8/2026,https://www.art-karlsruhe.de,https://www.instagram.com/art_karlsruhe/,,,,
Art Palm Beach,,Art Fair,Palm Beach,USA,Americas,,1/28/2026,2/1/2026,https://www.artpalmbeachshow.com,https://www.instagram.com/artpalmbeachfair/,,,,
Art Paris,,Art Fair,Paris,France,Europe,,4/9/2026,4/12/2026,https://www.artparis.com,https://www.instagram.com/artparisartfair/,,,,
Art Russia,,Art Fair,Moscow,Russia,Europe,,4/2/2026,4/5/2026,https://artrussiafair.com,https://www.instagram.com/artrussiafair/,,,,
Art Santa Fe,,Art Fair,Santa Fe,USA,Americas,,7/9/2026,7/11/2026,https://artsantafe.com,https://www.instagram.com/artsantafe/,,,,
Art Wynwood,,Art Fair,Miami,USA,Americas,,2/21/2026,2/25/2026,https://www.artwynwood.com,https://www.instagram.com/wynwoodmiami/,,,,
ART-O-RAMA Marseille,,Art Fair,Marseille,France,Europe,,8/28/2026,8/30/2026,https://art-o-rama.fr,https://www.instagram.com/artorama_marseille/,,,,
ARTANKARA,,Art Fair,Ankara,Turkey,Asia,,3/25/2026,3/29/2026,https://artfairankara.com,https://www.instagram.com/artankara/,,,,
Artefiera Bologna,,Art Fair,Bologna,Italy,Europe,,2/6/2026,2/9/2026,https://www.artefiera.it,https://www.instagram.com/artefiera_bologna/,,,,
Artexpo New York,,Art Fair,New York,USA,Americas,,4/9/2026,4/12/2026,https://redwoodartgroup.com/artexpo-new-york,https://www.instagram.com/artexponewyork/,,,,
Artocène,info@artocene.fr,Biennale,Mont-Blanc,France,Europe,Contemporary Art,6/28/2025,9/14/2025,https://www.artocene.fr,https://www.instagram.com/artocene_biennale/,,,,
ArtZUID (Amsterdam Sculpture Biennial),,Biennale,Amsterdam,Netherlands,Europe,"Sculpture,Public Art",5/21/2025,9/21/2025,https://www.artzuid.nl,https://www.instagram.com/artzuid/,@artzuid,,,
Asia Art Biennial (Taichung),,Biennale,Taichung,Taiwan,Asia,Contemporary Art,,,https://www.npm.gov.tw,https://www.instagram.com/asianartbiennial/,,,,
Asia Pacific Triennial (APT),apt@qag.qld.gov.au,Triennale,Brisbane,Australia,Oceania,Contemporary Art,11/30/2024,4/27/2025,https://www.qagoma.qld.gov.au/apt,https://www.instagram.com/qagoma/,@qagoma,,,
Asia Triennial Manchester,a.mitha@mmu.ac.uk,Triennale,Manchester,United Kingdom,Europe,Contemporary Art,10/25/2025,12/12/2025,https://www.atm.mmu.ac.uk,https://www.instagram.com/triennialmcr/,,,,
Auckland Art Show,,Art Fair,"Auckland, NZ",New Zealand,Oceania,,7/31/2026,8/2/2026,https://www.aucklandartshow.co.nz,https://www.instagram.com/artshowsacrossaotearoa/,,,,
Auckland Festival,,Annual Festival,"Auckland, NZ",New Zealand,Oceania,,3/5/2026,3/22/2026,https://www.aaf.co.nz,https://www.instagram.com/aucklandartsfestival,,,,
AURORA Biennial,info@dallasaurora.com,Biennale,Dallas,USA,Americas,,11/1/2026,11/21/2026,https://dallasaurora.com/AURORA-Biennial-2024,https://www.instagram.com/dallasaurora/,,,,
Autostrada Biennale,info@autostradabiennale.org,Biennale,Prizren,Kosolo,Europe,Contemporary Art,7/5/2025,10/5/2025,https://autostradabiennale.org,https://www.instagram.com/autostradabiennale/,,,,
Ballarat International Foto Biennale,info@ballaratfoto.org,Biennale,Ballarat,Australia,Oceania,Photography,8/23/2025,10/19/2025,https://ballaratfoto.org,https://www.instagram.com/ballaratfoto/,,,,
Baltic Triennial (CAC Vilnius),info@cac.lt,Triennale,Vilnius,Lithuania,Europe,Contemporary Art,,,https://cac.lt/en/exhibitions-and-events/baltic-triennial/,https://www.instagram.com/baltictriennial/,,,,
Bandung Photo Biennale,,Biennale,Bandung,Indonesia,Asia,Photography,9/12/2025,10/30/2025,https://bandungphotographytriennale.com,https://www.instagram.com/bandungphotographytriennale/,,,,
Bangkok Art Biennale,"info@bkkartbiennale.com, porntip.j@thaibev.com",Biennale,Bangkok,Thailand,Asia,Contemporary Art,10/29/2026,2/28/2027,https://www.bkkartbiennale.com,https://www.instagram.com/bkkartbiennale/,@bkkartbiennale,,,
Beaufort Triennial,info@triennalebeaufort.be,Triennale,Various,Belgium,Europe,"Sculpture,Public Art",3/22/2027,11/7/2027,https://www.beauforttriennale.be,https://www.instagram.com/triennalebeaufort/,,,,
Beijing Art and Technology Biennale (BATB),"info@beijingarttechnologybiennale.com, press@beijingarttechnologybiennale.com",Biennale,Beijing,China,Asia,Contemporary Art,,,https://beijingarttechnologybiennale.com,https://www.instagram.com/beijingarttechnologybiennale/,,,,
Belfast Photo Festival,,Biennale,Belfast,United Kingdom,Europe,Photography,6/4/2026,6/30/2026,https://www.belfastphotofestival.com,https://www.instagram.com/belfastphotofestival/,@belfastphotofestival,,,
Belgrade Biennial (Oktobar Salon),,Biennale,Belgrade,Serbia,Europe,Contemporary Art,,,https://www.mskb.rs/oktobarski-salon/?lang=en,https://www.instagram.com/oktobarski_salon/,,,,
Bergen Assembly,post@bergenassembly.no,Triennale,Bergen,Norway,Europe,Contemporary Art,9/11/2025,11/9/2025,https://bergenassembly.no,https://www.instagram.com/bergenassembly/,@bergenassembly,,,
Berlin Art Week,,Art Weekend,Berlin,Germany,Europe,,9/9/2026,9/13/2026,https://berlinartweek.de,https://www.instagram.com/berlinartweek/,,,,
Berlin Biennale,office@berlinbiennale.de,Biennale,Berlin,Germany,Europe,Contemporary Art,6/14/2025,9/14/2025,https://www.berlinbiennale.de,https://www.instagram.com/berlinbiennale/,@berlinbiennale,,,
Bermuda Biennial,"director@bng.bm, operations@bng.bm",Biennale,Bermuda,Bermuda,Americas,Contemporary Art,,,https://bng.bm/2026-bermuda-biennial/,,,,,
Biel/Bienne Festival of Photography,,Biennale,Biel/Bienne,Switzerland,Europe,Photography,5/8/2026,5/31/2026,https://www.bielerfototage.ch,https://www.instagram.com/bielerfototage/,,,,
Bienal Centroamericana (Itinerant),comunicacion@bienalcentroamericana.com,Biennale,,,Americas,Contemporary Art,,,https://biennialfoundation.org/biennials/bienal-centroamericana/,,,,,
Bienal das Amazônias,comunicacao@bienalamazonias.com.br,Biennale,Campina,Brazil,Americas,Contemporary Art,8/27/2025,11/30/2025,https://www.bienalamazonias.org.br,https://www.instagram.com/bienalamazonias/,,,,
Bienal de Arte de Pontevedra,,Biennale,Pontevedra,Spain,Europe,Contemporary Art,6/21/2025,9/30/2025,https://bienal.depontevedra.gal,https://www.instagram.com/bienalpontevedra/,,,,
Bienal de Arte Paiz,"waseem.syed@fundacionpaiz.org.gt, info@fundacionpaiz.org.gt",Biennale,Guatemala City,Guatemala,Americas,Contemporary Art,11/6/2025,2/16/2026,https://www.bienaldeartepaiz.org,https://www.instagram.com/bienaldeartepaiz/,,,,
Bienal de Artes Mediales de Santiago,contacto@cchv.cl,Biennale,,Chile,Americas,Contemporary Art,10/9/2025,10/26/2025,https://16.bienaldeartesmediales.cl,https://www.instagram.com/bienalartesmediales/,,,,
Bienal de Cerveira,geral@bienaldecerveira.pt,Biennale,Cerveira,Portugal,Europe,Contemporary Art,7/19/2025,11/29/2025,https://www.bienaldecerveira.pt,https://www.instagram.com/bienaldecerveira/,,,,
Bienal de Curitiba,ipar@ipar.org.br,Biennale,Curitiba,Brazil,Americas,Contemporary Art,6/14/2026,11/15/2026,https://www.bienaldecuritiba.org,https://www.instagram.com/bienaldecuritiba/,,,,
Bienal de la Habana,contactobienal@wlam.cult.cu,Biennale,Havana,Cuba,Americas,Contemporary Art,,,http://www.wlam.cult.cu/bienal_de_la_habana.html,https://www.instagram.com/bienaldelahabana/,,,,
Bienal de Lanzarote,,Biennale,Lanzarote,Spain,Europe,Interdisciplinary,,,https://bienalartelanzarote.com/,https://www.instagram.com/bienalartelanzarote/,,,,
Bienal de Montevideo,info@bienaldemontevideo.com.uy,Biennale,,Urugvay,Americas,,10/23/2025,11/30/2025,https://www.bienaldemontevideo.com.uy,https://www.instagram.com/bienalmvd/,,,,
Bienal do Mercosul,contato@bienalmercosul.art.br,Biennale,,Brazil,Americas,Contemporary Art,3/27/2025,6/1/2025,https://www.bienalmercosul.art.br,https://www.instagram.com/bienalmercosul/,,,,
Bienal FEMSA,,Biennale,Various,Mexico,Americas,Contemporary Art,,,https://bienalfemsa.com/,https://www.instagram.com/bienalfemsa/,,,,
Bienal Iberoamericana de Diseño,"bid@bid-dimad.org, prensa@bid-dimad.org ",Biennale,,,,,,,https://www.bid-dimad.org/,https://www.instagram.com/biddimad/,,,,
BIENALSUR,"info@bienalsur.org, prensa@bienalsur.org, claribelterre@bienalsur.org",Biennale,,,,,6/26/2025,12/23/2025,https://bienalsur.org/,https://www.instagram.com/bienalsurarte/,,,,
Biennale d'Art Contemporain Autochtone (BACA),admin@baca.ca,Biennale,,,,,,,https://www.baca.ca/en/,,,,,
Biennale de l'Image en Mouvement,info@centre.ch,Biennale,Geneva,Switzerland,Europe,"Video,Moving Image",10/14/2026,11/15/2026,https://centre.ch/en/biennial/,,,,,
Biennale für Freiburg,info@biennalefuerfreiburg.de,Biennale,,,Europe,,6/5/2025,7/27/2025,https://www.kunstvereinfreiburg.de/en/,https://www.instagram.com/biennalefuerfreiburg/,,,,
Biennale Gherdëina,info@biennalegherdeina.it,Biennale,Dolomites,Italy,Europe,Contemporary Art,5/29/2026,9/13/2026,https://www.biennalegherdeina.org,https://www.instagram.com/biennalegherdeina/,,,,
Biennale Jogja,the-equator@biennalejogja.org,Biennale,Yogyakarta,Indonesia,Asia,Contemporary Art,9/19/2025,11/20/2025,https://biennalejogja.org,https://www.instagram.com/biennalejogja/,,,,
Biennale of Contemporary Ceramics,info@bigbluedot.art,Biennale,Rhodes,Greece,Europe,Ceramics,6/7/2026,10/31/2026,https://bigbluedot.art,https://www.instagram.com/bckeramics/,,,,
Biennale of Sydney,art@biennaleofsydney.com.au,Biennale,Sydney,Australia,Oceania,Contemporary Art,3/14/2026,6/14/2026,https://www.biennaleofsydney.com.au,https://www.instagram.com/biennalesydney/,@biennalesydney,,,
Biennale of Young Artists,,Biennale,Skopje,North Macedonia,Europe,Contemporary Art,10/29/2025,10/31/2026,https://msu.mk/open-call-for-participants-in-the-15th-biennale-of-young-artists/,@msuskopje,,,,
Biennial of Graphic Arts,lili.sturm@mglc-lj.si,Biennale,Ljubljana,Slovenia,Europe,Graphic Arts,6/6/2025,10/12/2025,https://bienale.si/en/,,,,,
Biennial of the Americas,"info@platform5280.org, info@biennialoftheamericas.org",Biennale,Denver,USA,Americas,,10/15/2025,10/26/2025,https://www.biennialoftheamericas.org,https://www.instagram.com/thebiennial/,,,,
BIO Biennial of Design,infobio@mao.si,Biennale,Ljubljana,Slovenia,Europe,Design,11/21/2024,4/6/2025,https://bio.si/en,https://www.instagram.com/bio_ljubljana/,,,,
Blickachsen Sculpture Biennale,info@stiftungblickachsen.de,Biennale,Frankfurt am Main,Germany,Europe,Sculpture,5/18/2025,10/5/2025,https://www.blickachsen.de/en/about-blickachsen,,,,,
BoCA,,Biennale,Lisbon / Porto,Portugal,Europe,Interdisciplinary,9/10/2025,10/26/2025,https://bocabienal.org,https://www.instagram.com/bocabienal/,@bocabienal,,,
Bodø Biennale,post@bodobiennale.no,Biennale,Bodø,Norway,Europe,Contemporary Art,,,https://www.bodobiennale.no,https://www.instagram.com/bodobiennale/,,,,
Bonavista Biennale,info@bonavistabiennale.com,Biennale,Bonavista,Canada,Americas,Contemporary Art,8/16/2025,9/14/2025,https://bonavistabiennale.com,https://www.instagram.com/bbiennale/,,,,
Borås Art Biennial,emilie.ackerman@boras.se,Biennale,,Sweden,Europe,Contemporary Art,5/30/2026,9/27/2026,https://www.borasartbiennial.se/en/home/,,,,,
BRAFA Art Fair,,Art Fair,Brussels,Belgium,Europe,,1/25/2026,2/1/2026,https://www.brafa.art,https://www.instagram.com/brafaartfair/,,,,
Brisbane Festival,,Annual Festival,"Brisbane, QLD",Australia,Oceania,,9/4/2026,9/26/2026,https://www.brisbanefestival.com.au,https://www.instagram.com/brisbanefestival/,,,,
Bruges Triennial,"shaheda.ishaque@triennalebrugge.be, info@inenuitbrugge.be",Triennale,Bruges,Belgium,Europe,Architecture,,,https://triennalebrugge.be/en,https://www.instagram.com/triennalebrugge/,@triennalebrugge,,,
Bucharest Biennale,"bb@pavilionmagazine.org, bienalabucuresti@gmail.com",Biennale,Bucharest,Romania,Europe,Contemporary Art,9/30/2026,10/18/2026,https://bucharestbiennale.ro,https://www.instagram.com/bucharestbiennale/,@bucharestbiennale,,,
Bukhara Biennale,info@bukharabiennial.uz,Biennale,Bukhara,Uzbekistan,Asia,Contemporary Art,9/5/2025,11/20/2025,https://www.bukharabiennial.uz/,https://www.instagram.com/bukhara.biennial/,,,,
Busan Biennale,"busanbiennale@busanbiennale.org, pr@busanbiennale.org",Biennale,Busan,South Korea,Asia,Contemporary Art,9/1/2026,11/15/2026,https://www.busanbiennale.org,https://www.instagram.com/busanbiennale/,@busanbiennale,,,
Busan Sea Art Festival,,Biennale,Busan,South Korea,Asia,"Sculpture,Public Art",9/27/2025,11/2/2025,https://seaartfestival.kr,,,,,
CAFAM Biennale,museum@cafa.edu.cn,Biennale,Beijing,China,Asia,,9/1/2025,12/31/2025,https://www.cafamuseum.org/en/,,,,,
CAFKA,cafka@cafka.org,Biennale,Ontario,Canada,Americas,Contemporary Art,6/7/2025,7/26/2025,https://www.cafka.org,https://www.instagram.com/cafkabiennial/,,,,
Cairns Indigenous Art Fair,,Art Fair,Cairns,Australia,Oceania,,7/9/2026,7/12/2026,https://ciaf.com.au,https://www.instagram.com/cairnsindigenousartfair/,,,,
California Biennial,info@ocma.net,Biennale,Costa Mesa,USA,Americas,Contemporary Art,6/21/2025,1/4/2026,https://ocma.art/exhibitions/2025-california-biennial-desperate-sacred-but-social/,@ocmamuseum,,,,
CAN Art Fair Ibiza,,Art Fair,Ibiza,Spain,Europe,,6/25/2026,6/28/2026,https://canartfair.com,https://www.instagram.com/canartfair/,,,,
Canakkale Biennial,info@canakkalebienali.com,Biennale,,,Asia,,,,https://www.canakkalebienali.com/?l=en,https://www.instagram.com/canakkalebienal/,,,,
Canberra Art Biennial,,Biennale,"Canberra, ACT",Australia,Oceania,,9/4/2026,11/7/2026,https://canberraartbiennial.com,https://www.instagram.com/canberraartbiennial/,,,,
Canberra Art Fair,,Art Fair,"Canberra, ACT",Australia,Oceania,,9/5/2025,9/7/2025,https://canberraartfair.com.au,https://www.instagram.com/canberraartfair/,,,,
Carnegie International,"momichb@carnegiemuseums.org, marketing@carnegieart.org",Annual Festival,Pittsburgh,USA,Americas,Contemporary Art,5/2/2026,1/3/2027,https://cmoa.org/exhibition/carnegie-international/,@cmoa,@cmoa,,,
Casablanca Biennale,info@biennalecasablanca.ma,Biennale,Casablanca,Morocco,Africa,Contemporary Art,12/11/2025,1/20/2026,https://biennaledecasablanca.org,https://www.instagram.com/casabiennale/,,,,
Ceramics Brussels,,Art Fair,Brussels,Belgium,Europe,,1/21/2026,1/25/2026,https://www.ceramic.brussels,https://www.instagram.com/ceramic.brussels/,,,,
Changwon Sculpture Biennale,"cwart2016@gmail.com, changwonsbiennale@gmail.com",Biennale,Changwon,South Korea,Asia,Sculpture,,,https://changwonbiennale.or.kr/,https://www.instagram.com/changwonbiennale/,,,,
Chennai Photo Biennale,"contact@chennaiphotobiennale.com, shuchi@chennaiphotobiennale.com",Biennale,Chennai,India,Asia,Photography,12/10/2024,3/16/2025,https://chennaiphotobiennale.foundation,https://www.instagram.com/chennaiphotobiennale/,,,,
Chicago Architecture Biennial,info@chicagoarchitecturebiennial.org,Biennale,Chicago,USA,Americas,Architecture,9/19/2025,2/28/2026,https://chicagoarchitecturebiennial.org,https://www.instagram.com/chicagoarchitecturebiennial/,,,,
Christchurch Art Show,,Art Fair,"Christchurch (Te Pae), NZ",New Zealand,Oceania,,4/10/2026,4/12/2026,https://www.christchurchartshow.co.nz,https://www.instagram.com/artshowsacrossaotearoa/,,,,
Collect Art Fair London,,Art Fair,London,United Kingdom,Europe,,2/27/2026,3/1/2026,https://www.craftscouncil.org.uk/collect-fair,https://www.instagram.com/collectartfair/,,,,
Colomboscope,,Biennale,Colombo,Sri Lanka,Asia,Contemporary Art,1/21/2026,1/31/2026,https://www.colomboscope.lk,https://www.instagram.com/colomboscope/,,,,
Contextile,"bienal@contextile.pt, contextile.bienal@gmail.com ",Biennale,Guimarães,Portugal,Europe,Textile,9/5/2026,11/29/2026,https://contextile.pt/en/,https://www.instagram.com/contextile_biennial/,,,,
Contour Biennale,"contour@nona.be, info@contourbiennale.org",Biennale,Mechelen,Belgium,Europe,"Moving Image,Video",8/30/2026,11/1/2026,https://www.contourmechelen.be,https://www.instagram.com/contour_biennale/,,,,
Copenhagen Photo Festival,,Biennale,Copenhagen,Denmark,Europe,Photography,6/11/2026,6/21/2026,https://copenhagenphotofestival.com,https://www.instagram.com/copenhagenphotofestival/,,,,
Counterpublic,"hello@counterpublic.org, james@counterpublic.org",Triennale,St. Louis,USA,Americas,Contemporary Art,9/12/2026,12/12/2025,https://www.counterpublic.org,https://www.instagram.com/counterpublic/,,,,
Coventry Biennial,,Biennale,Coventry,United Kingdom,Europe,Contemporary Art,10/3/2025,1/25/2026,https://coventrybiennial.com,https://www.instagram.com/covbiennial/,@covbiennial,,,
Cuenca Biennial,comunicacion@bienaldecuenca.org,Biennale,Cuenca,Ecuador,Americas,Contemporary Art,10/24/2025,2/1/2026,https://www.bienaldecuenca.org,,,,,
CULTURESCAPES,info@culturescapes.ch,Biennale,Basel,Switzerland,Europe,Contemporary Art,10/9/2025,11/29/2025,https://culturescapes.ch/en,https://www.instagram.com/culturescapes.ch/,,,,
Dakar Biennale (Dak’Art),,Biennale,Dakar,Senegal,Africa,Contemporary Art,5/7/2026,6/7/2026,https://biennaledakar.org,https://www.instagram.com/biennale_de_dakar_officiel/,@biennaledakar,,,
Dallas Art Fair,,Art Fair,Dallas,USA,Americas,,4/16/2026,4/19/2026,https://www.dallasartfair.com,https://www.instagram.com/dallasartfair/,,,,
Dark Mofo,,Annual Festival,"Hobart, TAS",Australia,Oceania,,6/5/2025,6/15/2025,https://darkmofo.net.au,https://www.instagram.com/dark_mofo,,,,
Darwin Aboriginal Art Fair,,Art Fair,"Darwin, NT",Australia,Oceania,,8/6/2026,8/9/2026,https://daaf.com.au,https://www.instagram.com/darwinartfair/,,,,
Darwin Festival,,Annual Festival,"Darwin, NT",Australia,Oceania,,8/6/2026,8/23/2026,https://www.darwinfestival.org.au,https://www.instagram.com/darwinfestival/,,,,
Desert X AlUla,,Biennale,AlUla,Saudi Arabia,Middle East,,1/16/2026,2/28/2026,https://desertx.org,https://www.instagram.com/_desertx/,,,,
Design Doha,,Biennale,Doha,Qatar,Middle East,Design,4/16/2026,6/30/2026,https://designdoha.org.qa/en/,https://www.instagram.com/designdohabiennial/,,,,
Dhaka Art Summit,,Biennale,Dhaka,Bangladesh,Asia,Contemporary Art,,,https://www.dhakaartsummit.org,https://www.instagram.com/dhakaartsummit/,@dhakaartsummit,,,
Dhaka Live Art Biennale (D’LAB),"dhakaliveartbiennale@gmail.com, info.backart@gmail.com",Biennale,Dhaka,Bangladesh,Asia,Performance,12/1/2025,12/10/2025,https://backart.org/,https://www.instagram.com/backartfoundation/,,,,
Diriyah Contemporary Art Biennale,,Biennale,Diriyah,Saudi Arabia,Middle East,,1/30/2026,2/25/2026,https://biennale.org.sa,https://www.instagram.com/contemporaryartbiennale_sa/,,,,
Documenta,office@documenta.de,Quadrennial,Kassel,Germany,Europe,Contemporary Art,6/12/2027,9/19/2027,https://www.documenta.de,https://www.instagram.com/documentafifteen/,@documenta15,,,
Echigo‑Tsumari Art Triennial,info@tsumari-artfield.com,Triennale,Niigata Prefecture,Japan,Asia,Land Art,,,https://www.echigo-tsumari.jp/en,https://www.instagram.com/echigo_tsumari/,@echigo_tsumari,,,
Enter Art Fair Copenhagen,,Art Fair,Copenhagen,Denmark,Europe,,8/28/2026,8/30/2026,https://enterartfair.com,https://www.instagram.com/enterartfair/,,,,
Este Arte Uruguay,,Art Fair,José Ignacio,Uruguay,Americas,,1/4/2026,1/7/2026,https://www.estearte.com,https://www.instagram.com/esteartefair/,,,,
EVA International,info@eva.ie,Biennale,Limerick,Ireland,Europe,Contemporary Art,8/29/2025,10/26/2025,https://www.eva.ie/,https://www.instagram.com/evainternational/,,,,
EXPO Chicago,,Art Fair,Chicago,USA,Americas,,4/9/2026,4/12/2026,https://www.expochicago.com,https://www.instagram.com/expochicago/,,,,
Fellbach Triennial of Small-scale Sculpture,kulturamt@fellbach.de,Triennale,,,Europe,,6/11/2027,10/3/2026,https://www.fellbach.de/triennale,https://www.instagram.com/triennale.fellbach/,,,,
FOG Design+Art,,Art Fair,San Francisco,USA,Americas,,1/21/2026,1/25/2026,https://www.fogfair.com,https://www.instagram.com/fogfair/,,,,
Folkestone Triennial,info@creativefolkestone.org.uk,Triennale,Folkestone,United Kingdom,Europe,Performance,7/19/2025,10/19/2025,https://www.creativefolkestone.org.uk/folkestone-quarterhouse/,https://www.instagram.com/fstonetriennial/,,,,
FOMO Art Weekend x Artbox,,Art Weekend,,Singapure,Asia,,4/2/2026,4/12/2026,,https://www.instagram.com/fomoartweekend/,,,,
FotoFest,info@fotofest.org,Biennale,Houston,USA,Americas,Photography,3/7/2026,5/10/2026,https://fotofest.org/,,,,,
Fremantle Biennale,"info@fremantlebiennale.com.au, tom@fremantlebiennale.com.au",Biennale,,Australia,Oceania,"Media Art,Sound",11/13/2025,11/30/2025,https://fremantlebiennale.com.au,https://www.instagram.com/fremantlebiennale/,,,,
Frestas: Art Triennial,indiara.frestas@sorocaba.sescsp.org.br,Triennale,,Brazil,Americas,,8/23/2025,12/7/2025,https://www.sescsp.org.br/frestas/,,,,,
Frieze LA,,Art Fair,Los Angeles,USA,Americas,,2/26/2026,3/1/2026,https://www.frieze.com/fairs/frieze-los-angeles,@friezeartfair,,,,
Frieze New York,,Art Fair,New York,USA,Americas,,5/13/2026,5/17/2026,https://www.frieze.com/fairs/frieze-new-york,@friezeartfair,,,,
Frieze Seoul,,Art Fair,Seoul,South Korea,Asia,,9/2/2026,9/5/2026,https://www.frieze.com/fairs/frieze-seoul,https://www.instagram.com/friezeofficial,,,,
Gallery Weekend Beijing,,Art Weekend,Beijing,China,Asia,,,,https://www.galleryweekendbeijing.com.cn,https://www.instagram.com/galleryweekendbeijing_/,,,,
Gallery Weekend Berlin,,Art Weekend,Berlin,Germany,Europe,,5/1/2026,5/3/2026,https://www.gallery-weekend-berlin.de,,,,,
GIBCA,info@gibca.se,Biennale,Gothenburg,Sweden,Europe,Contemporary Art,9/20/2025,11/30/2025,https://www.gibca.se/en/,@goteborg_biennial,,,,
Glasgow International,"info@glasgowinternational.org, martel.ollerenshaw@glasgowinternational.org",Biennale,Glasgow,United Kingdom,Europe,Contemporary Art,6/5/2026,6/21/2026,https://glasgowinternational.org,@gi_glasgow,@gi_glasgow,,,
Grenoble Art Up!,,Art Fair,Grenoble,France,Europe,,9/25/2026,9/29/2026,https://grenob leartup.com,@grenobleartup,,,,
Guangzhou Image Triennial,gztriennial@gmail.com,Triennale,Guangzhou,China,Asia,Contemporary Art,12/19/2025,5/5/2026,https://www.gdmoa.org/,https://www.instagram.com/guangdongmuseumofart/,Guangdong Museum of Art,,,
Gwangju Biennale,biennale@gwangjubiennale.org,Biennale,Gwangju,South Korea,Asia,Contemporary Art,,,https://www.gwangjubiennale.org,https://www.instagram.com/gwangjubiennale/,@gwangjubiennale,,,
Hawaii Contemporary,aloha@hawaiicontemporary.org,Triennale,Honolulu,USA,Americas,Contemporary Art,2/15/2025,5/4/2025,https://hawaiicontemporary.org,@hawaiicontemporary,,,,
Helsinki Biennial,"helsinkibiennial@hamhelsinki.fi, jonna.hurskainen@hel.fi",Biennale,Helsinki,Finland,Europe,Contemporary Art,6/8/2025,9/21/2025,https://helsinkibiennaali.fi/en,@helsinkibiennaali,@helsinkibiennaali,,,
Hobart Current,,Biennale,"Hobart, TAS",Australia,Oceania,,11/14/2025,4/26/2026,https://hobartcurrent.com,https://www.instagram.com/creativehobart/,,,,
Independent New York,,Art Fair,New York,USA,Americas,,5/14/2026,5/17/2026,https://independent-art.com,@independent_artfair,,,,
India Art Fair,,Art Fair,Delhi,India,Asia,,2/5/2026,2/8/2026,https://indiaartfair.in,https://www.instagram.com/indiaartfair/,,,,
Innsbruck International,info@innsbruckinternational.com,Biennale,Innsbruck,Austria,Europe,Contemporary Art,4/25/2026,5/3/2026,https://2024.innsbruckinternational.com,@innsbruckinternational,,,,
International Architecture Biennale Rotterdam (IABR),info@iabr.nl,Biennale,Rotterdam,Netherlands,Europe,Architecture,,,https://iabr.nl,@iabr___,,,,
Investec Cape Town Art Fair,,Art Fair,Cape Town,South Africa,Africa,,2/20/2026,2/22/2026,https://www.investeccapetownartfair.co.za,@investeccapetownartfair,,,,
Islamabad Biennale,"hunerkada@gmail.com, info@islamabadbiennale.org",Biennale,Islamabad,Pakistan,Asia,Contemporary Art,,,https://islamabadbiennale.org/,https://www.instagram.com/islamabad.biennale/,,,,
Istanbul Biennial,"ist.biennial@iksv.org, sponsor@iksv.org, pazarlama@iksv.org",Biennale,Istanbul,Türkiye,Asia,Contemporary Art,9/20/2025,11/23/2025,https://bienal.iksv.org,https://www.instagram.com/istanbulbienali/,@istanbulbienali,,,
Jakarta Biennale,info@jakardabiennale.net,Biennale,Jakarta,Indonesia,Asia,Contemporary Art,,,https://jakartabiennale.id,https://www.instagram.com/jakartabiennale/,@jakartabiennale,,,
Jeju Biennale,"contact@jejubiennale.com, info@jejubiennale.org",Biennale,Jeju Island,South Korea,Asia,Contemporary Art,11/28/2024,2/16/2025,http://jejubiennale.org/en/,https://www.instagram.com/jejubiennale.official/,,,,
Karachi Biennale,"kb24invites@gmail.com, info@karachibiennale.org.pk",Biennale,Karachi,Pakistan,Asia,Contemporary Art,,,https://karachibiennale.org.pk,https://www.instagram.com/karachi_biennale/,,,,
Kaunas Biennial,info@kaunas.biennial.lt,Biennale,Kaunas,,Europe,Contemporary Art,9/12/2025,11/23/2025,https://bienale.lt/,@kaunasbiennial,,,,
Kiaf Seoul,,Art Fair,Seoul,South Korea,Asia,,9/2/2026,9/6/2026,https://www.kiaf.org,https://www.instagram.com/kiaf_official,,,,
Kindred People,,Annual Festival,"Melbourne, VIC",Australia,Oceania,,9/1/2026,9/5/2026,https://www.monash.edu/performing-arts-centres/kindred-people/,https://www.instagram.com/monashpac,,,,
KLA ART,"info@ugandanartstrust.org, info@32east.org",Biennale,Kampala,Uganda,Africa,Contemporary Art,,,https://2024.klaart.org/,@klaartfestival,,,,
Klima Biennale Wien,mail@biennale.wien,Biennale,Vienna,Austria,Europe,Contemporary Art,4/9/2026,5/26/2026,https://www.biennale.wien,@biennale.wien,,,,
Kochi‑Muziris Biennale,info@kochimuzirisbiennale.org,Biennale,Kochi,India,Asia,Contemporary Art,12/12/2025,3/31/2026,https://kochimuzirisbiennale.org,https://www.instagram.com/kochibiennale/,@kochimuzirisbiennale,,,
Korkut Sonic Arts Triennale,info@tselinny.org,Triennale,Almaty,Kazakhstan,Asia,Sound,5/7/2026,6/28/2026,https://korkut.tselinny.org/triennale,https://www.instagram.com/korkut.tselinny/,,,,
Kyiv Biennial,"info@kyivbiennial.org, press@kyivbiennial.org",Biennale,Kyiv / Various,Ukraine,Europe,Contemporary Art,10/3/2025,1/18/2026,https://kyivbiennial.org,@kyivbiennial,@kyivbiennial,,,
LA Art Show,,Art Fair,Los Angeles,USA,Americas,,1/7/2026,1/11/2026,https://www.laartshow.com,@laartshow,,,,
Lagos Biennial,info@lagos-biennial.org,Biennale,Lagos,Nigeria,Africa,Contemporary Art,10/17/2026,12/18/2026,https://lagos-biennial.org,@lagos_biennial,@lagos_biennial,,,
Lahore Biennale,"info@lbf.org.pk, lahorebiennalefoundation@gmail.com",Biennale,Lahore,Pakistan,Asia,Contemporary Art,,,https://www.lahorebiennale.org,https://www.instagram.com/lahorebiennalefoundation/,,,,
Lake Como Design Festival,,Annual Festival,Lake Como,Italy,Europe,,9/12/2026,9/20/2026,https://lakecomodesignfestival.com,@lakecomodesignfestival,,,,
Larnaca Biennale,info@biennalelarnaca.com,Biennale,Larnaca,Cyprus,Europe,Contemporary Art,10/13/2025,11/28/2025,https://biennalelarnaca.com,@biennalelarnaca,,,,
Le Nouveau Printemps,info@lenouveauprintemps.com,Annual Festival,Toulouse,France,Europe,"Prints,Interdisciplinary",5/29/2026,6/28/2026,https://lenouveauprintemps.com,@le_nouveau_printemps,,,,
Lille Art Up!,,Art Fair,Lille,France,Europe,,3/12/2026,3/15/2026,https://lilleartup.com,@lilleartup,,,,
Lisbon Architecture Triennale,"trienal@trienaldelisboa.com, joana.salvado@trienaldelisboa.com",Triennale,Lisbon,Portugal,Europe,Architecture,10/2/2025,12/8/2025,https://www.trienaldelisboa.com/,@trienaldelisboa,,,,
Liste Art Fair Basel,,Art Fair,Basel,Switzerland,Europe,,6/15/2026,6/21/2026,https://www.liste.ch,@liste_artfair,,,,
Liverpool Biennial,"info@biennial.com, aoifer@biennial.com",Biennale,Liverpool,United Kingdom,Europe,Contemporary Art,6/7/2025,9/14/2025,https://www.biennial.com,@biennial,@biennial,,,
Ljubljana Biennial of Graphic Arts,,Biennale,Ljubljana,Slovenia,Europe,Graphic Arts,6/6/2025,10/21/2025,https://bienale.si/en/,@mglcljubljana,@mglc_ljubljana,,,
Lofoten International Art Festival (LIAF),"post@nnks.no, liaf@nnks.no, post@liaf.no",Biennale,Lofoten,Norway,Europe,Contemporary Art,,,https://www.nnks.no/en,@lofotenliaf,,,,
London Art Fair,,Art Fair,London,United Kingdom,Europe,,1/21/2026,1/25/2026,https://www.londonartfair.co.uk,@londonartfair,,,,
Lublin Open City Festival,,Annual Festival,Lublin,Poland,Europe,"Public Art,Sculpture",9/20/2025,10/20/2025,https://opencity.pl,@otwarte_miasto,,,,
Luleå Biennial,"info@luleabiennial.se, paulina.granat@konstframjandet.se",Biennale,Sapmi,Finland,Europe,Contemporary Art,3/5/2027,5/30/2027,https://www.luleabiennalen.se/en,@luleabiennalen,,,,
Lyon Biennale of Contemporary Art,info@labiennaledelyon.com,Biennale,Lyon,France,Europe,Contemporary Art,9/21/2024,1/5/2025,https://www.labiennaledelyon.com,@biennaledelyon,@biennaledelyon,,,
Made in L.A. (Hammer Biennial),"nlee@hammer.ucla.edu, info@hammer.ucla.edu",Biennale,Los Angeles,USA,Americas,Contemporary Art,10/5/2025,1/6/2026,https://hammer.ucla.edu/made-la,@hammer_museum,@hammer_museum,,,
Madras Art Weekend,,Art Weekend,,India,Asia,,,,https://www.madrasartweekend.com/,https://www.instagram.com/madrasartweekend/,,,,
Maison & Objet,,Art Fair,Paris,France,Europe,,9/10/2026,9/14/2026,https://www.maison-objet.com,@maisonobjet,,,,
Malta Biennial,,Biennale,Valletta,Malta,Europe,,3/11/2026,5/29/2026,https://maltabiennale.art,@maltabiennale.art,,,,
Manif d’art,"info@manifdart.org, communications@manifdart.org",Biennale,Quebec City,Canada,Americas,Contemporary Art,2/28/2026,4/19/2026,https://manifdart.org,@manifdart,@manifdart,,,
Manifesta,"office@manifesta.org, emiliavanlynden@manifesta.org",Biennale,Various,Europe,Europe,Contemporary Art,6/21/2026,10/4/2026,https://manifesta.org,@manifesta_biennial,@manifesta_biennial,,,
Mardin Biennial,info@mardinbienali.org,Biennale,Mardin,Türkiye,Asia,Contemporary Art,5/15/2026,6/21/2026,https://mardinbienali.org,https://www.instagram.com/mardinbiennial/,,,,
Matter of Art,info@matterof.art,Biennale,Prague,Czech Republic,Europe,Contemporary Art,6/11/2026,9/26/2026,https://biennalematterofart.cz,@biennale.matterof.art,,,,
Mediations Biennale,office@mediations.pl,Biennale,Krakow,Poland,Europe,Contemporary Art,7/17/2025,7/29/2025,https://www.mediations.pl,@mediationsbiennalefoundation,,,,
Mediterranea,,Biennale,"Nova Gorica, Vipava and Gorizia",,Europe,,5/30/2025,6/30/2025,https://www.mediterraneabiennial.com,@bjcem_aisbl,,,,
Melbourne Art Fair,,Art Fair,"Melbourne, VIC",Australia,Oceania,,2/19/2026,2/22/2026,https://melbourneartfair.com.au,https://www.instagram.com/melbourneartfair/,,,,
Melbourne Fringe,,Annual Festival,"Melbourne, VIC",Australia,Oceania,,9/29/2026,9/18/2026,https://www.melbournefringe.com.au,https://www.instagram.com/melbfringe/,,,,
Melbourne Sculpture Biennale,,Biennale,"Melbourne, VIC",Australia,Oceania,,10/8/2026,10/25/2026,https://www.melbournesculpturebiennale.com/,https://www.instagram.com/melbournesculpturebiennale/,,,,
MIA Photo Fair Milano,,Art Fair,Milan,Italy,Europe,,3/19/2026,3/22/2026,https://www.miafairbnpparibas.it,@miaphotofair,,,,
Miart Milano,,Art Fair,Milan,Italy,Europe,,4/17/2026,4/19/2026,https://www.miart.it,@miartmilano,,,,
Milano Design Week,,Art Weekend,Milan,Italy,Europe,,4/20/2026,4/26/2026,https://www.fuorisalone.it,@fuorisalone,,,,
MKH Biennale,kontakt@mkh-biennale.de,Biennale,Halberstadt,Germany,Europe,Contemporary Art,,,https://www.mkh-biennale.de,@mkh_biennale,,,,
MOMENTA,"info@momentabiennale.com, communications@momentabiennale.com",Biennale,Montreal,Canada,Americas,Contemporary Art,9/10/2025,3/8/2026,https://momentabiennale.com/en/,@momentabiennale,,,,
Momentum Biennial,contact@momentum.no,Biennale,Moss,Norway,Europe,Contemporary Art,6/14/2025,10/12/2025,https://www.momentum.no,@momentumbiennale,,,,
Mulhouse Biennale of Photography,,Biennale,Mulhouse,France,Europe,Photography,6/5/2026,7/5/2026,https://www.biennale-photo-mulhouse.com/,@biennale.photo.mulhouse,,,,
Mumbai Gallery Weekend,,Art Weekend,Mumbai,India,Asia,,1/8/2026,1/11/2026,https://www.mumbaigalleryweekend.com,https://www.instagram.com/mumbaigalleryassoc/,,,,
MUNCH Triennale,info@munchmuseet.no,Triennale,Oslo,Norway,Europe,Contemporary Art,11/15/2025,2/22/2026,https://www.munch.no/en/exhibitions/almost-unreal/,@munchmuseum,,,,
Münchener Biennale,,Biennale,Munich,Germany,Europe,Media Art,5/8/2026,5/20/2026,https://www.muenchener-biennale.de/en,@muenchenerbiennale,,,,
NADA New York,,Art Fair,New York,USA,Americas,,5/13/2026,5/17/2026,https://www.newartdealers.org,@nada_nyc,,,,
National Indigenous Art Fair,,Art Fair,"Sydney, NSW",Australia,Oceania,,7/5/2025,7/6/2025,https://www.niaf.com.au,https://www.instagram.com/nationalindigenousartfair/,,,,
National Indigenous Art Triennial,,Triennale,"Canberra, ACT",Australia,Oceania,,12/6/2025,4/26/2026,https://nga.gov.au/exhibitions/fifth-national-indigenous-art-triennial/,https://www.instagram.com/nationalgalleryaus/,,,,
Nature Festival,,Annual Festival,SA,Australia,Oceania,,9/26/2025,10/12/2025,https://www.naturefestival.org.au,https://www.instagram.com/naturefestivalsa,,,,
Nelson Arts Festival,,Annual Festival,"Nelson, NZ",New Zealand,Oceania,,10/23/2025,11/2/2025,https://nelsonartsfestival.nz,https://www.instagram.com/nelson_arts_festival/,,,,
New Performance Turku Biennale,info@newperformance.fi,Biennale,Turku,Finland,Europe,Performance,9/2/2025,9/7/2025,https://www.newperformance.fi/en/etusivu-english/,@newperformanceturku,,,,
Northern Alps Art Festival,info@shinano-omachi.jp,Biennale,Nagano,Japan,Asia,Contemporary Art,,,https://shinano-omachi.jp/en/,https://www.instagram.com/northern_alps_art_festival/,,,,
Now or Never,,Annual Festival,"Melbourne, VIC",Australia,Oceania,,8/21/2025,8/31/2025,https://nowornever.melbourne.vic.gov.au,https://www.instagram.com/nowornever.melb/,,,,
NZ Sculpture OnShore,,Annual Festival,"Auckland, NZ",New Zealand,Oceania,,11/8/2025,11/23/2025,https://nzsculptureonshore.co.nz,https://www.instagram.com/nzsculptureonshore/,,,,
OFF-Biennale,office@offbiennale.hu,Biennale,Budapest,Hungary,Europe,Contemporary Art,5/8/2025,6/15/2025,https://offbiennale.hu/en/,@offbiennalebudapest,,,,
Okayama Art Summit,info@okayamaartsummit.jp,Triennale,Okayama,Japan,Asia,Contemporary Art,9/26/2025,11/24/2025,https://www.okayamaartsummit.jp,https://www.instagram.com/okayamaartsummit/,,,,
Oku-Noto Triennale,info@oku-noto.jp,Triennale,Noto Peninsula,Japan,Asia,Contemporary Art,,,https://www.oku-noto.jp/en,https://www.instagram.com/okunotojp/,,,,
OpenART,openart@orebro.se,Biennale,Örebro,Sweden,Europe,Sculpture,6/13/2026,9/6/2026,http://on-the-move.org/news/openart-public-art-2026-biennial-sweden,@openartsweden,,,,
Oslo Architecture Triennale,post@oslotriennale.no,Triennale,Oslo,Norway,Europe,"Urbanism,Architecture",,,https://www.oslotriennale.no,@oslotriennale,@osloarchitecturetriennale,,,
Osten Biennial,drawing@osten.com.mk,Biennale,Skopje,North Macedonia,Europe,Graphic Arts,2/6/2025,3/10/2025,https://www.osten.mk/en/ostenbiennial/,@ostenbiennial,,,,
PAD Paris,,Art Fair,Paris,France,Europe,,4/8/2026,4/12/2026,https://www.padesignart.com,@padesignart,,,,
PAD Saint-Tropez,,Art Fair,Saint-Tropez,France,Europe,,7/2/2026,7/5/2026,https://www.padesignart.com,@padesignart,,,,
Parrtjima Aboriginal Light Festival,,Annual Festival,"Alice Springs, NT",Australia,Oceania,,4/10/2026,4/19/2026,https://parrtjimaaustralia.com.au,https://www.instagram.com/parrtjimaaustralia/,,,,
Performa,info@performa-arts.org,Biennale,New York,USA,Americas,Performance,11/1/2025,11/23/2025,https://performa-arts.org,@performanyc,,,,
Perth Art Weekend,,Art Weekend,"Perth, WA",Australia,Oceania,,10/17/2025,10/19/2025,https://www.perthartweekend.com,https://www.instagram.com/perthartweekend/,,,,
Perth Festival,,Annual Festival,"Perth, WA",Australia,Oceania,,2/6/2026,3/1/2026,https://www.perthfestival.com.au,https://www.instagram.com/perthfest/,,,,
Photo Basel,,Art Fair,Basel,Switzerland,Europe,,6/16/2026,6/22/2026,https://photobasel.com,@photobasel,,,,
Photo London,,Art Fair,London,United Kingdom,Europe,,5/14/2026,5/17/2026,https://photolondon.org,@photolondon,,,,
Photofairs Shanghai,,Art Fair,Shanghai,China,Asia,,5/7/2026,5/10/2026,https://photofairs.org,https://www.instagram.com/photofairs_shanghai/,,,,
Photoworks Festival,info@photoworks.org.uk,Annual Festival,,UK,Europe,Photography,,,https://photoworks.org.uk/photoworks-festival/,@photoworks_uk,,,,
Porto Design Biennale,info@portodesignbiennale.pt,Biennale,Porto,Portugal,Europe,Design,10/23/2025,3/14/2026,https://www.portodesignbiennale.pt/en,@portodesignbiennale,,,,
Positions Art Fair Berlin,,Art Fair,Berlin,Germany,Europe,,9/10/2026,9/13/2026,https://positionsberlin.com,@positionsberlin,,,,
Prospect New Orleans,info@prospectneworleans.org,Triennale,New Orleans,USA,Americas,Contemporary Art,,,https://prospectneworleans.org,@prospect_nola,@prospect_nola,,,
Quadriennale di Roma,,Quadrennial,Rome,Italy,Europe,Contemporary Art,10/11/2025,1/18/2026,https://www.quadriennalediroma.org,@quadriennalediroma,,,,
Queenstown Art Show,,Art Fair,"Queenstown, NZ",New Zealand,Oceania,,10/17/2025,10/19/2025,https://www.queenstownartshow.co.nz,https://www.instagram.com/artshowsacrossaotearoa/,,,,
Ras Al Khaimah Art,,Biennale,Dubai,UAE,Middle East,Contemporary Art,1/31/2026,2/28/2026,https://www.rakart.ae/2026-biennale,https://www.instagram.com/rakart.ae/,,,,
Rauma Triennale,"rtm@raumantaidemuseo.fi, annika.myrsky@rauma.fi",Triennale,Rauma,Finland,Europe,Contemporary Art,6/7/2025,9/21/2025,https://www.rauma.fi/en/culture-and-leisure/culture/museums/nayttelyt/rauma-triennale/,@raumatriennale,,,,
RAY Triennial,info@ray-triennale.com,Triennale,Frankfurt,Germany,Europe,Photography,,,https://ray-triennale.com/,@raytriennialofphotography,,,,
Rencontres de Bamako,musee@afribonemali.net,Biennale,Bamako,Mali,Africa,Photography,11/16/2024,1/15/2025,https://www.rencontres-bamako-14.org,@les_rencontres_de_bamako,,,,
Riga International Triennial of Textiles,,Triennale,Riga,Latvia,Europe,Textile,5/28/2027,9/19/2027,,,,,,
Riga Photography Biennial,"info@rpbiennial.com, rigaphotobiennial@gmail.com",Biennale,Riga,Latvia,Europe,Photography,,,https://rpbiennial.com,@rigaphotographybiennial,,,,
Riga Sculpture Quadrennial,,Quadrennial,Riga,Latvia,Europe,Sculpture,,,,@squadrennialriga,,,,
Rising,,Annual Festival,"Melbourne, VIC",Australia,Oceania,,6/4/2025,6/15/2025,https://2025.rising.melbourne,https://www.instagram.com/rising.melbourne/,,,,
Ruhrtriennale,info@ruhrtriennale.de,Biennale,Bochum,Germany,Europe,Contemporary Art,8/21/2025,9/21/2025,https://www.ruhrtriennale.de/en,@ruhrtriennale,,,,
SACO,"vinculacion@proyectosaco.cl, communications@proyectosaco.cl",Biennale,Antofagasta,Chile,Americas,Contemporary Art,6/24/2025,9/14/2025,https://bienalsaco.com,@bienal_saco,,,,
Salon du Dessin,,Art Fair,Paris,France,Europe,,3/24/2026,3/30/2026,https://salondudessin.com,@salondudessin,,,,
Salone del Mobile Milano,,Art Fair,Milan,Italy,Europe,,4/21/2026,4/26/2026,https://www.salonemilano.it,@salonemilano,,,,
São Paulo Art Biennial,contato@bienal.org.br,Biennale,São Paulo,Brazil,Americas,Contemporary Art,9/6/2025,1/11/2026,https://www.bienal.org.br,@bienalsaopaulo,@bienalsaopaulo,,,
Sapporo International Art Festival,info@siaf.jp,Triennale,Sapporo,Japan,Asia,Contemporary Art,1/1/2027,2/28/2027,https://siaf.jp/en,https://www.instagram.com/siaf_info/,@siaf_official,,,
Screen City Biennial,contact@screencitybiennial.org,Biennale,Berlin,Germany,Europe,"Contemporary Art,Architecture,Sound",,,https://2022.screencitybiennial.org,@screencitybiennial,,,,
"Sculpture by the Sea, Bondi",,Annual Festival,"Sydney, NSW",Australia,Oceania,,10/17/2025,11/3/2025,https://sculpturebythesea.com/bondi/,https://www.instagram.com/sculpturebythesea/,,,,
"Sculpture by the Sea, Cottesloe",,Annual Festival,"Perth, WA",Australia,Oceania,,3/6/2026,3/23/2026,https://sculpturebythesea.com/cottesloe/,https://www.instagram.com/sculpturebythesea/,,,,
Seattle Art Fair,,Art Fair,Seattle,USA,Americas,,7/23/2026,7/26/2026,https://seattleartfair.com,@seattleartfair,,,,
Seoul Biennale of Architecture and Urbanism,,Biennale,Seoul,South Korea,Asia,"Urbanism,Architecture",9/26/2025,11/18/2025,https://seoulbiennale.org,https://www.instagram.com/seoulbiennale/,,,,
Seoul Mediacity Biennale,"info.mediacityseoul@gmail.com, contact@mediacityseoul.kr",Biennale,Seoul,South Korea,Asia,Media Art,8/26/2025,11/23/2025,https://mediacityseoul.kr,https://www.instagram.com/seoulmediacitybiennale/,@seoulmediacitybiennale,,,
Sequences,sequences@sequences.is,Biennale,Reykjavík,Iceland,Europe,Contemporary Art,10/10/2025,10/20/2025,https://sequences.is,@sequences_art_festival,,,,
Setouchi Triennale,"info-en@setouchi-artfest.jp, info@setouchi-artfest.jp",Triennale,Kagawa Prefecture / Islands,Japan,Asia,"Contemporary Art,Sculpture,Public Art",4/1/2025,11/9/2025,https://setouchi-artfest.jp/en,https://www.instagram.com/setouchi_triennale/,@setouchi_art_fest,,,
Shanghai Biennale,"biennale@powerstationofart.com, marketing@powerstationofart.com",Biennale,Shanghai,China,Asia,Contemporary Art,11/8/2025,3/31/2026,https://www.powerstationofart.com/en/exhibitions/shanghai-biennale,https://www.instagram.com/powerstationofart/,,,,
Sharjah Architecture Triennial,,Triennale,Sharjah,UAE,Middle East,Architecture,11/1/2026,3/31/2027,https://sharjaharchitecture.org,https://www.instagram.com/sharjaharchitecture/,@sharjaharctriennial,,,
Sharjah Biennial,info@sharjahart.org,Biennale,Sharjah,UAE,Middle East,Contemporary Art,2/6/2025,6/15/2025,https://sharjahart.org,https://www.instagram.com/sharjahart/,@sharjahart,,,
Sharjah Calligraphy Biennial,sharjahcalligraphy@sdci.gov.ae,Biennale,,,Middle East,Graphic Arts,,,https://sdc.gov.ae/en/media-center/events/2/10/2024/sharjah-calligraphy-forum-11th-session,https://www.instagram.com/sharjahculture/,,,,
Singapore Art Weekend,,Art Weekend,Singapore,Singapore,Asia,,1/22/2026,1/31/2026,https://www.artweek.sg,https://www.instagram.com/sgartweek/,,,,
Singapore Biennale,"enquiries@singaporeartmuseum.sg, sbteam@tateanzur.com",Biennale,Singapore,Singapore,Asia,Contemporary Art,10/31/2025,3/29/2026,https://www.singaporebiennale.org,https://www.instagram.com/sgbiennale/,@singaporebiennale,,,
Sinopale,sinopale@gmail.com,Biennale,Sinop,Turkey,Asia,Contemporary Art,,,https://www.sinopale.org/en,https://www.instagram.com/sinopale/,,,,
SITE SANTA FE International,"info@sitesantafe.org, franco@sitesantafe.org, blee@sitesantafe.org",Biennale,Santa Fe,USA,Americas,Contemporary Art,6/27/2025,1/12/2026,https://sitesantafe.org,@sitesantafe,@sitesantafe,,,
Skulptur Projekte Münster (10-years),mail@skulptur-projekte.de,Quadrennial,Münster,Germany,Europe,Sculpture,6/1/2027,9/30/2027,https://www.skulptur-projekte-archiv.de,@skulpturprojekte,,,,
Smalands Triennale,info@nyasmaland.se,Triennale,,Sweden,Europe,Contemporary Art,11/15/2026,,https://www.smalandstriennalen.se,@smalandstriennalen,,,,
Socle du Monde,"mail@heartmus.dk, tnn@heartmus.dk ",Biennale,Herning,Denmark,Europe,"Contemporary Art,Land Art",,,https://socledumonde.org/en/,@socledumondebiennale,,,,
Sonsbeek,info@sonsbeek.org,Quadrennial,Arnhem,Netherlands,Europe,"Sculpture,Public Art",7/3/2026,10/1/2026,https://sonsbeek.org,@sonsbeek_artprojects,,,,
SP-Arte Sao Paulo,,Art Fair,São Paulo,Brazil,Americas,,4/8/2026,4/12/2026,https://www.sp-arte.com,@spartoficial,,,,
Spring 1883 Art Fair,,Art Fair,"Melbourne, VIC",Australia,Oceania,,8/13/2025,8/16/2025,https://spring1883.com,https://www.instagram.com/spring1883/,,,,
Steirischer Herbst,"info@steirischerherbst.at, press@steirischerherbst.at",Biennale,Graz,Austria,Europe,Interdisciplinary,9/18/2025,10/12/2025,https://steirischerherbst.at,@steirischerherbst,,,,
Stellenbosch,"leo@stellenboschtriennale.com, andi@stellenboschtriennale.com",Triennale,Cape Town,South Africa,Africa,Contemporary Art,2/19/2025,4/30/2025,https://www.stellenboschtriennale.com,@stellenboschtriennale,,,,
Survival Kit,"festivalsurvivalkit@gmail.com, info@lcca.lv",Biennale,Riga,Latvia,Europe,Contemporary Art,8/30/2025,9/28/2025,https://lcca.lv/lv/survival-kit,@survivalkit.lv,,,,
Sydney Contemporary,,Art Fair,"Sydney, NSW",Australia,Oceania,,9/3/2026,9/6/2026,https://sydneycontemporary.com.au,https://www.instagram.com/sydneycontemporary/,,,,
Sydney Festival,,Annual Festival,"Sydney, NSW",Australia,Oceania,,1/8/2026,1/25/2026,https://www.sydneyfestival.org.au,https://www.instagram.com/sydney_festival/,,,,
Sydney Fringe,,Annual Festival,"Sydney, NSW",Australia,Oceania,,9/1/2026,9/30/2026,https://sydneyfringe.com,https://www.instagram.com/sydneyfringe/,,,,
Taipei Biennial,"info@taipeibiennial.org, info-tfam@gov.taipei,
press-tfam@gov.taipei",Biennale,Taipei,Taiwan,Asia,Contemporary Art,11/1/2025,3/29/2026,https://www.tfam.museum/Exhibition/tx?sd=2019&Op=1,https://www.instagram.com/tfam_museum/,,,,
Tallinn Architecture Biennale (TAB),info@tab.ee,Biennale,Tallinn,Estonia,Europe,Architecture,9/9/2026,,https://tab.ee,@tab_estonia,@tab_estonia,,,
Tallinn Photomonth Biennial,info@fotokuu.ee,Biennale,Tallinn,Estonia,Europe,Photography,9/5/2025,10/31/2025,https://www.fotokuu.ee,@fotokuu,@fotokuu,,,
Tallinn Print Triennial,tallinn@triennial.ee,Triennale,Tallinn,Estonia,Europe,Prints,6/21/2025,8/31/2025,https://www.triennial.ee/en/,@tallinn_print_triennial,,,,
Tarnanthi,,,"Adelaide, SA",Australia,Oceania,,10/17/2025,10/20/2025,https://www.agsa.sa.gov.au/whats-on/tarnanthi/tarnanthi-2025/,https://www.instagram.com/tarnanthi/,,,,
TarraWarra Biennial,,Biennale,"Melbourne, VIC",Australia,Oceania,,3/29/2025,7/20/2025,https://www.twma.com.au/media-releases/tarrawarra-biennial-2025-we-are-eagles/,https://www.instagram.com/TarrawarraMA,,,,
Tashkent International Biennale of Contemporary Art,,Biennale,Tashkent,Uzbekistan,Asia,Contemporary Art,,,https://art-academy.uz,https://www.instagram.com/tashkent_biennale/,,,,
Tauranga Art Show,,Art Fair," Tauranga, NZ",New Zealand,Oceania,,8/28/2026,8/30/2026,https://www.taurangaartshow.co.nz,https://www.instagram.com/artshowsacrossaotearoa/,,,,
Tauranga Arts Festival,,Annual Festival," Tauranga, NZ",New Zealand,Oceania,,10/23/2025,11/2/2025,https://www.taurangafestival.co.nz,https://www.instagram.com/taurangafestival/,,,,
Tbilisi Triennial,"wato@cca.ge, invisiblecollegetbilisi@gmail.com ",Triennale,Tbilisi,Georgia,Europe,Contemporary Art,10/1/2025,10/31/2025,https://cca.ge/en/5th-tbilisi-triennial-peace-pandemic,@cca_tbilisi,,,,
TEFAF Maastricht,,Art Fair,Maastricht,Netherlands,Europe,,3/14/2026,3/19/2026,https://www.tefaf.com,@tefaf_art_fair,,,,
TEFAF New York,,Art Fair,New York,USA,Americas,,5/15/2026,5/19/2026,https://www.tefaf.com,@tefaf_art_fair,,,,
Tehran Biennial,,Biennale,Tehran,Iran,Middle East,Contemporary Art,,,https://thetehransummit.com/biennales/,https://www.instagram.com/icabiennale/,,,,
Ten Days on the Island,,Annual Festival,Tasmania-wide,Australia,Oceania,,3/12/2027,3/21/2027,https://www.tendays.org.au,https://www.instagram.com/tendaystas/,,,,
Thailand Biennale,info@thailandbiennale.org,Biennale,Various Cities,Thailand,Asia,Contemporary Art,11/29/2025,4/30/2026,https://www.thailandbiennale.org,https://www.instagram.com/thailand_biennale/,@thailandbiennale,,,
The Hybrid Art Fair,,Art Fair,Madrid,Spain,Europe,,3/5/2026,3/8/2026,https://hybridart.es,@hybrid_arte,,,,
The Wrong Biennale,thewrongbiennale@gmail.com,Biennale,,,,Media Art,11/1/2025,3/31/2026,https://thewrong.org,@thewrong.biennale,,,,
Thessaloniki Biennale of Contemporary Art,"info@greekstatemuseum.com, info@thessalonikibiennale.gr",Biennale,Thessaloniki,Greece,Europe,Contemporary Art,10/31/2025,1/4/2026,https://biennale.thessalonikimuseums.gr,@thessalonikibiennale,,,,
Tokyo Gendai,,Art Fair,Tokyo,Japan,Asia,,9/11/2026,9/13/2026,https://tokyogendai.com,https://www.instagram.com/tokyogendai/,,,,
Toronto Biennial of Art,info@torontobiennial.org,Biennale,Toronto,Canada,Americas,Contemporary Art,9/26/2026,12/20/2026,https://torontobiennial.org,@torontobiennial,@torontobiennial,,,
transmediale,info@transmediale.de,Annual Festival,Berlin,Germany,Europe,"Media Art,Video,Moving Image",1/28/2026,2/1/2026,https://transmediale.de/en,@transmediale,,,,
Triennale di Milano,contact@latriennale.org,Triennale,Milan,Italy,Europe,"Contemporary Art,Design,Architecture",5/13/2025,11/9/2025,https://triennale.org,@triennalemilano,@triennalemilano,,,
Tuwaiq Sculpture,info@riyadhart.sa,Biennale,Riyadh,Saudi Arabia,Middle East,Sculpture,1/5/2026,1/31/2026,https://riyadhart.sa/en/tuwaiq-sculpture/,https://www.instagram.com/riyadhartofficial/,,,,
Unseen & Art Rotterdam,,Art Fair,Rotterdam,Netherlands,Europe,,3/26/2026,3/29/2026,https://unseenphoto.com,@unseenphotofair,,,,
Vancouver Biennale,info@vancouverbiennale.com,Biennale,Vancouver,Canada,Americas,Public Art,,,https://www.vancouverbiennale.com,@van_biennale,,,,
Venice Architecture Biennale,aav@labiennale.org,Biennale,Venice,Italy,Europe,Architecture,5/10/2025,11/23/2025,https://www.labiennale.org,@labiennale,@labiennale,,,
Venice Art Biennale,info@labiennale.org,Biennale,Venice,Italy,Europe,Contemporary Art,5/9/2026,11/22/2026,https://www.labiennale.org,@labiennale,@labiennale,,,
Vivid Sydney,,Annual Festival,"Sydney, NSW",Australia,Oceania,,5/22/2026,6/13/2026,https://www.vividsydney.com,https://www.instagram.com/vividsydney/,,,,
VOLTA Basel,,Art Fair,Basel,Switzerland,Europe,,6/17/2026,6/21/2026,https://www.voltashow.com,@voltashow,,,,
Walk&Talk,info@walktalkazores.org,Biennale,São Miguel,Portugal,Europe,Contemporary Art,9/25/2025,11/30/2025,https://andafala.org/Walktalkazores,@walktalkazores,,,,
Warsaw International Poster Biennale,,Biennale,Warsaw,Poland,Europe,Prints,7/5/2025,10/5/2025,https://warsawposterbiennale.com,@ipb.warsaw,,,,
Wellington Art Show,,Art Fair,"Wellington, NZ",New Zealand,Oceania,,2/27/2026,3/1/2026,https://www.wellingtonartshow.co.nz,https://www.instagram.com/artshowsacrossaotearoa/,,,,
Whitney Biennale,,Biennale,New York,USA,Americas,,3/11/2026,8/30/2026,https://whitney.org,@whitneymuseum,,,,
WRO Media Art Biennale,biennale@wrocenter.pl,Biennale,Wrocław,Poland,Europe,Media Art,5/14/2025,6/15/2025,https://wro2025.wrocenter.pl/en/,@wrobiennale,,,,
Yerevan Biennial,info@yerevanbiennial.org,Biennale,Yerevan,Armenia,Europe,Contemporary Art,,,https://yerevanbiennial.com,@ybafarmenia,,,,
Yerevan International Print Biennale,,Biennale,Yerevan,Armenia,Europe,Prints,9/5/2025,12/5/2025,https://yerevanprintbiennale.com/,@ipbyerevan,,,,
Yokohama Triennale,info@yokohamatriennale.jp,Triennale,Yokohama,Japan,Asia,Contemporary Art,4/23/2027,9/12/2027,https://www.yokohamatriennale.jp,https://www.instagram.com/yokohama_triennale/,@yokotori_pr,,,
Zona Maco,,Art Fair,Mexico City,Mexico,Americas,,2/4/2026,2/8/2026,https://zsonamaco.com,@zonamaco,,,,
Zurich Art Weekend,,Art Weekend,Zurich,Switzeland,Europe,,6/14/2026,6/16/2026,https://zurichartweekend.com/,@zurichartweekend,,,,